cluster,function,supporting_genes,supporting_terms_json
1,immune system process,CCL19;CCL5;CCR7;CD2;CD3E;CD4;CD40LG;CTLA4;CXCR4;FCN1;FOXP3;IL7R;ITK;TRAC;TRBC2,"[{""term_id"":""GO:0050852"",""term_name"":""T cell receptor signaling pathway"",""source"":""GO:BP"",""pval"":4.8747160298529454e-08,""fdr"":4.046014304777945e-06,""overlap"":7,""set_size"":12,""overlap_genes"":[""CD3E"",""CD4"",""CTLA4"",""FOXP3"",""ITK"",""TRAC"",""TRBC2""]},{""term_id"":""GO:0042110"",""term_name"":""T cell activation"",""source"":""GO:BP"",""pval"":8.442402122856613e-06,""fdr"":0.00023357312539903295,""overlap"":5,""set_size"":9,""overlap_genes"":[""CD2"",""CD3E"",""CD4"",""FOXP3"",""ITK""]},{""term_id"":""GO:0006955"",""term_name"":""immune response"",""source"":""GO:BP"",""pval"":5.8620159126264e-05,""fdr"":0.0007533858205058442,""overlap"":9,""set_size"":51,""overlap_genes"":[""CCL19"",""CCL5"",""CCR7"",""CD2"",""CD4"",""CD40LG"",""CTLA4"",""CXCR4"",""IL7R""]},{""term_id"":""GO:0002250"",""term_name"":""adaptive immune response"",""source"":""GO:BP"",""pval"":6.353856317519168e-05,""fdr"":0.0007533858205058442,""overlap"":6,""set_size"":20,""overlap_genes"":[""CD3E"",""CD4"",""CTLA4"",""ITK"",""TRAC"",""TRBC2""]},{""term_id"":""GO:0046631"",""term_name"":""alpha-beta T cell activation"",""source"":""GO:BP"",""pval"":6.223740183960656e-05,""fdr"":0.0007533858205058442,""overlap"":3,""set_size"":3,""overlap_genes"":[""CD3E"",""TRAC"",""TRBC2""]},{""term_id"":""GO:0002376"",""term_name"":""immune system process"",""source"":""GO:BP"",""pval"":0.0006693335544966137,""fdr"":0.004673973237998835,""overlap"":7,""set_size"":41,""overlap_genes"":[""CD3E"",""CD4"",""CTLA4"",""FCN1"",""ITK"",""TRAC"",""TRBC2""]},{""term_id"":""GO:0046629"",""term_name"":""gamma-delta T cell activation"",""source"":""GO:BP"",""pval"":0.0016527487821851076,""fdr"":0.004673973237998835,""overlap"":2,""set_size"":2,""overlap_genes"":[""CD3E"",""ITK""]},{""term_id"":""GO:0045060"",""term_name"":""negative thymic T cell selection"",""source"":""GO:BP"",""pval"":0.0016527487821851076,""fdr"":0.004673973237998835,""overlap"":2,""set_size"":2,""overlap_genes"":[""CCR7"",""CD3E""]},{""term_id"":""GO:0031295"",""term_name"":""T cell costimulation"",""source"":""GO:BP"",""pval"":0.003043893151484641,""fdr"":0.0076558524719159155,""overlap"":3,""set_size"":8,""overlap_genes"":[""CCL19"",""CD3E"",""CD40LG""]}]"
1,cell motility,CCL19;CCL5;CCR7;CXCR4,"[{""term_id"":""GO:0002407"",""term_name"":""dendritic cell chemotaxis"",""source"":""GO:BP"",""pval"":2.218104468078221e-06,""fdr"":9.205133542524618e-05,""overlap"":4,""set_size"":4,""overlap_genes"":[""CCL19"",""CCL5"",""CCR7"",""CXCR4""]},{""term_id"":""GO:0002408"",""term_name"":""myeloid dendritic cell chemotaxis"",""source"":""GO:BP"",""pval"":0.0016527487821851076,""fdr"":0.004673973237998835,""overlap"":2,""set_size"":2,""overlap_genes"":[""CCL19"",""CCR7""]}]"
1,positive regulation of T cell proliferation,CCL19;CCL5;CD3E;CD4;CD40LG,"[{""term_id"":""GO:0042102"",""term_name"":""positive regulation of T cell proliferation"",""source"":""GO:BP"",""pval"":2.9340414949769112e-05,""fdr"":0.0006088136102077091,""overlap"":5,""set_size"":11,""overlap_genes"":[""CCL19"",""CCL5"",""CD3E"",""CD4"",""CD40LG""]}]"
1,positive regulation of interleukin-12 production,CCL19;CCR7;CD40LG,"[{""term_id"":""GO:0032735"",""term_name"":""positive regulation of interleukin-12 production"",""source"":""GO:BP"",""pval"":0.00024229529395419154,""fdr"":0.002234501044244211,""overlap"":3,""set_size"":4,""overlap_genes"":[""CCL19"",""CCR7"",""CD40LG""]}]"
1,positive regulation of interleukin-4 production,CD3E;CD40LG;FOXP3,"[{""term_id"":""GO:0032753"",""term_name"":""positive regulation of interleukin-4 production"",""source"":""GO:BP"",""pval"":0.00024229529395419154,""fdr"":0.002234501044244211,""overlap"":3,""set_size"":4,""overlap_genes"":[""CD3E"",""CD40LG"",""FOXP3""]}]"
1,response to virus,CCL19;CCL5;CXCR4;FOXP3,"[{""term_id"":""GO:0009615"",""term_name"":""response to virus"",""source"":""GO:BP"",""pval"":0.0016893879173489764,""fdr"":0.004673973237998835,""overlap"":4,""set_size"":14,""overlap_genes"":[""CCL19"",""CCL5"",""CXCR4"",""FOXP3""]}]"
1,cell adhesion,CCL5;CD40LG;SELL,"[{""term_id"":""GO:0007159"",""term_name"":""leukocyte cell-cell adhesion"",""source"":""GO:BP"",""pval"":0.0011475938838566202,""fdr"":0.004673973237998835,""overlap"":3,""set_size"":6,""overlap_genes"":[""CCL5"",""CD40LG"",""SELL""]}]"
1,CCL19-activated CCR7 signaling pathway,CCL19;CCR7,"[{""term_id"":""GO:0038119"",""term_name"":""CCL19-activated CCR7 signaling pathway"",""source"":""GO:BP"",""pval"":0.0016527487821851076,""fdr"":0.004673973237998835,""overlap"":2,""set_size"":2,""overlap_genes"":[""CCL19"",""CCR7""]}]"
2,Unresolved functional enrichment,AGR2;ANXA13;CTNND2;CTTNBP2;CXCL1;CXCL3;DEFB1;FGG;ITGB6;KIF26B;KRT17;LCN2;MLPH;RARRES1;RERG;SNAP25;TACSTD2;TMC5;TSPAN13;UGT1A1,[]
3,lipid metabolic process,ADH1A;ADH4;APOF;CYP8B1;HAO1;HAO2;PCK1;SULT2A1,"[{""term_id"":""GO:0006629"",""term_name"":""lipid metabolic process"",""source"":""GO:BP"",""pval"":0.002433935859751252,""fdr"":0.011358367345505842,""overlap"":6,""set_size"":37,""overlap_genes"":[""ADH4"",""APOF"",""CYP8B1"",""HAO2"",""PCK1"",""SULT2A1""]},{""term_id"":""GO:0019395"",""term_name"":""fatty acid oxidation"",""source"":""GO:BP"",""pval"":0.0016527487821851076,""fdr"":0.011358367345505842,""overlap"":2,""set_size"":2,""overlap_genes"":[""HAO1"",""HAO2""]},{""term_id"":""GO:0008203"",""term_name"":""cholesterol metabolic process"",""source"":""GO:BP"",""pval"":0.04984491281473121,""fdr"":0.0697828779406237,""overlap"":2,""set_size"":9,""overlap_genes"":[""APOF"",""SULT2A1""]},{""term_id"":""GO:0042572"",""term_name"":""retinol metabolic process"",""source"":""GO:BP"",""pval"":0.060761392692494726,""fdr"":0.07088829147457719,""overlap"":2,""set_size"":10,""overlap_genes"":[""ADH1A"",""ADH4""]},{""term_id"":""GO:0008202"",""term_name"":""steroid metabolic process"",""source"":""GO:BP"",""pval"":0.07242628372027037,""fdr"":0.07799753631413732,""overlap"":2,""set_size"":11,""overlap_genes"":[""APOF"",""SULT2A1""]}]"
3,carbohydrate metabolic process,ALDOB;PCK1,"[{""term_id"":""GO:0006094"",""term_name"":""gluconeogenesis"",""source"":""GO:BP"",""pval"":0.0016527487821851076,""fdr"":0.011358367345505842,""overlap"":2,""set_size"":2,""overlap_genes"":[""ALDOB"",""PCK1""]}]"
3,hemostasis,F13B;F2;SERPINC1,"[{""term_id"":""GO:0007599"",""term_name"":""hemostasis"",""source"":""GO:BP"",""pval"":0.004443923654231334,""fdr"":0.013534560320053105,""overlap"":3,""set_size"":9,""overlap_genes"":[""F13B"",""F2"",""SERPINC1""]}]"
3,regulation of blood coagulation,F2;SERPINC1,"[{""term_id"":""GO:0030193"",""term_name"":""regulation of blood coagulation"",""source"":""GO:BP"",""pval"":0.004833771542876109,""fdr"":0.013534560320053105,""overlap"":2,""set_size"":3,""overlap_genes"":[""F2"",""SERPINC1""]}]"
3,blood coagulation,F13B;F2;SERPINC1,"[{""term_id"":""GO:0007596"",""term_name"":""blood coagulation"",""source"":""GO:BP"",""pval"":0.008269383067504243,""fdr"":0.018850495583596052,""overlap"":3,""set_size"":11,""overlap_genes"":[""F13B"",""F2"",""SERPINC1""]}]"
3,response to nutrient levels,AFM;CYP8B1,"[{""term_id"":""GO:0031667"",""term_name"":""response to nutrient levels"",""source"":""GO:BP"",""pval"":0.009425247791798026,""fdr"":0.018850495583596052,""overlap"":2,""set_size"":4,""overlap_genes"":[""AFM"",""CYP8B1""]}]"
3,alcohol metabolic process,ADH1A;ADH4,"[{""term_id"":""GO:0006066"",""term_name"":""alcohol metabolic process"",""source"":""GO:BP"",""pval"":0.015315713119546593,""fdr"":0.02680249795920654,""overlap"":2,""set_size"":5,""overlap_genes"":[""ADH1A"",""ADH4""]}]"
3,inflammatory response,AHSG;F2,"[{""term_id"":""GO:0006953"",""term_name"":""acute-phase response"",""source"":""GO:BP"",""pval"":0.030577826372169596,""fdr"":0.04756550769004159,""overlap"":2,""set_size"":7,""overlap_genes"":[""AHSG"",""F2""]}]"
4,anatomical structure development,BICC1;FGFR1;FGFR2;PKHD1,"[{""term_id"":""GO:0043009"",""term_name"":""chordate embryonic development"",""source"":""GO:BP"",""pval"":0.0016527487821851076,""fdr"":0.012985883288597275,""overlap"":2,""set_size"":2,""overlap_genes"":[""FGFR1"",""FGFR2""]},{""term_id"":""GO:0060484"",""term_name"":""lung-associated mesenchyme development"",""source"":""GO:BP"",""pval"":0.0016527487821851076,""fdr"":0.012985883288597275,""overlap"":2,""set_size"":2,""overlap_genes"":[""FGFR1"",""FGFR2""]},{""term_id"":""GO:0021769"",""term_name"":""orbitofrontal cortex development"",""source"":""GO:BP"",""pval"":0.0016527487821851076,""fdr"":0.012985883288597275,""overlap"":2,""set_size"":2,""overlap_genes"":[""FGFR1"",""FGFR2""]},{""term_id"":""GO:0030901"",""term_name"":""midbrain development"",""source"":""GO:BP"",""pval"":0.004833771542876109,""fdr"":0.022154786238182168,""overlap"":2,""set_size"":3,""overlap_genes"":[""FGFR1"",""FGFR2""]},{""term_id"":""GO:0001657"",""term_name"":""ureteric bud development"",""source"":""GO:BP"",""pval"":0.009425247791798026,""fdr"":0.023563119479495062,""overlap"":2,""set_size"":4,""overlap_genes"":[""FGFR1"",""FGFR2""]},{""term_id"":""GO:0001822"",""term_name"":""kidney development"",""source"":""GO:BP"",""pval"":0.030577826372169596,""fdr"":0.05425098227320412,""overlap"":2,""set_size"":7,""overlap_genes"":[""BICC1"",""PKHD1""]},{""term_id"":""GO:0030324"",""term_name"":""lung development"",""source"":""GO:BP"",""pval"":0.03975580411239791,""fdr"":0.06431085959358486,""overlap"":2,""set_size"":8,""overlap_genes"":[""FGFR1"",""FGFR2""]},{""term_id"":""GO:0001701"",""term_name"":""in utero embryonic development"",""source"":""GO:BP"",""pval"":0.04984491281473121,""fdr"":0.07615195013361713,""overlap"":2,""set_size"":9,""overlap_genes"":[""FGFR1"",""FGFR2""]}]"
4,branching involved in salivary gland morphogenesis,FGFR1;FGFR2,"[{""term_id"":""GO:0060445"",""term_name"":""branching involved in salivary gland morphogenesis"",""source"":""GO:BP"",""pval"":0.0016527487821851076,""fdr"":0.012985883288597275,""overlap"":2,""set_size"":2,""overlap_genes"":[""FGFR1"",""FGFR2""]}]"
4,cell differentiation,FGFR1;FGFR2,"[{""term_id"":""GO:0048762"",""term_name"":""mesenchymal cell differentiation"",""source"":""GO:BP"",""pval"":0.0016527487821851076,""fdr"":0.012985883288597275,""overlap"":2,""set_size"":2,""overlap_genes"":[""FGFR1"",""FGFR2""]},{""term_id"":""GO:0001837"",""term_name"":""epithelial to mesenchymal transition"",""source"":""GO:BP"",""pval"":0.022399772737391577,""fdr"":0.04927950002226147,""overlap"":2,""set_size"":6,""overlap_genes"":[""FGFR1"",""FGFR2""]}]"
4,fibroblast growth factor receptor signaling pathway involved in orbitofrontal cortex development,FGFR1;FGFR2,"[{""term_id"":""GO:0035607"",""term_name"":""fibroblast growth factor receptor signaling pathway involved in orbitofrontal cortex development"",""source"":""GO:BP"",""pval"":0.0016527487821851076,""fdr"":0.012985883288597275,""overlap"":2,""set_size"":2,""overlap_genes"":[""FGFR1"",""FGFR2""]}]"
4,ventricular zone neuroblast division,FGFR1;FGFR2,"[{""term_id"":""GO:0021847"",""term_name"":""ventricular zone neuroblast division"",""source"":""GO:BP"",""pval"":0.0016527487821851076,""fdr"":0.012985883288597275,""overlap"":2,""set_size"":2,""overlap_genes"":[""FGFR1"",""FGFR2""]}]"
4,cellular response to fibroblast growth factor stimulus,CXCL8;FGFR1;FGFR2,"[{""term_id"":""GO:0044344"",""term_name"":""cellular response to fibroblast growth factor stimulus"",""source"":""GO:BP"",""pval"":0.0019546386504465554,""fdr"":0.013438140721820068,""overlap"":3,""set_size"":7,""overlap_genes"":[""CXCL8"",""FGFR1"",""FGFR2""]}]"
4,positive regulation of phospholipase activity,FGFR1;FGFR2,"[{""term_id"":""GO:0010518"",""term_name"":""positive regulation of phospholipase activity"",""source"":""GO:BP"",""pval"":0.004833771542876109,""fdr"":0.022154786238182168,""overlap"":2,""set_size"":3,""overlap_genes"":[""FGFR1"",""FGFR2""]}]"
4,regulation of ERK1 and ERK2 cascade,FGFR2;PKHD1,"[{""term_id"":""GO:0070372"",""term_name"":""regulation of ERK1 and ERK2 cascade"",""source"":""GO:BP"",""pval"":0.004833771542876109,""fdr"":0.022154786238182168,""overlap"":2,""set_size"":3,""overlap_genes"":[""FGFR2"",""PKHD1""]}]"
5,cell motility,ARHGAP24;CD44;ITGB1;KIT,"[{""term_id"":""GO:0008354"",""term_name"":""germ cell migration"",""source"":""GO:BP"",""pval"":0.0016527487821851076,""fdr"":0.015425655300394338,""overlap"":2,""set_size"":2,""overlap_genes"":[""ITGB1"",""KIT""]},{""term_id"":""GO:0035313"",""term_name"":""wound healing, spreading of epidermal cells"",""source"":""GO:BP"",""pval"":0.0016527487821851076,""fdr"":0.015425655300394338,""overlap"":2,""set_size"":2,""overlap_genes"":[""ARHGAP24"",""ITGB1""]},{""term_id"":""GO:0016477"",""term_name"":""cell migration"",""source"":""GO:BP"",""pval"":0.03912853040968487,""fdr"":0.07068379686910815,""overlap"":3,""set_size"":19,""overlap_genes"":[""CD44"",""ITGB1"",""KIT""]}]"
5,transmembrane transport,AQP1;ATP1A1;SLC12A2,"[{""term_id"":""GO:0072488"",""term_name"":""ammonium transmembrane transport"",""source"":""GO:BP"",""pval"":0.0016527487821851076,""fdr"":0.015425655300394338,""overlap"":2,""set_size"":2,""overlap_genes"":[""AQP1"",""SLC12A2""]},{""term_id"":""GO:0035725"",""term_name"":""sodium ion transmembrane transport"",""source"":""GO:BP"",""pval"":0.015315713119546593,""fdr"":0.04764888526081162,""overlap"":2,""set_size"":5,""overlap_genes"":[""ATP1A1"",""SLC12A2""]},{""term_id"":""GO:1990573"",""term_name"":""potassium ion import across plasma membrane"",""source"":""GO:BP"",""pval"":0.022399772737391577,""fdr"":0.05226613638724702,""overlap"":2,""set_size"":6,""overlap_genes"":[""ATP1A1"",""SLC12A2""]},{""term_id"":""GO:0071805"",""term_name"":""potassium ion transmembrane transport"",""source"":""GO:BP"",""pval"":0.022399772737391577,""fdr"":0.05226613638724702,""overlap"":2,""set_size"":6,""overlap_genes"":[""AQP1"",""ATP1A1""]}]"
5,camera-type eye morphogenesis,AQP1;SOX4,"[{""term_id"":""GO:0048593"",""term_name"":""camera-type eye morphogenesis"",""source"":""GO:BP"",""pval"":0.0016527487821851076,""fdr"":0.015425655300394338,""overlap"":2,""set_size"":2,""overlap_genes"":[""AQP1"",""SOX4""]}]"
5,hyperosmotic response,AQP1;SLC12A2,"[{""term_id"":""GO:0006972"",""term_name"":""hyperosmotic response"",""source"":""GO:BP"",""pval"":0.0016527487821851076,""fdr"":0.015425655300394338,""overlap"":2,""set_size"":2,""overlap_genes"":[""AQP1"",""SLC12A2""]}]"
5,regulation of spontaneous synaptic transmission,ITGB1;SLC12A2,"[{""term_id"":""GO:0150003"",""term_name"":""regulation of spontaneous synaptic transmission"",""source"":""GO:BP"",""pval"":0.0016527487821851076,""fdr"":0.015425655300394338,""overlap"":2,""set_size"":2,""overlap_genes"":[""ITGB1"",""SLC12A2""]}]"
5,potassium ion transport,AQP1;ATP1A1;SLC12A2,"[{""term_id"":""GO:0006813"",""term_name"":""potassium ion transport"",""source"":""GO:BP"",""pval"":0.003043893151484641,""fdr"":0.020822400492389394,""overlap"":3,""set_size"":8,""overlap_genes"":[""AQP1"",""ATP1A1"",""SLC12A2""]}]"
5,cell volume homeostasis,AQP1;SLC12A2,"[{""term_id"":""GO:0006884"",""term_name"":""cell volume homeostasis"",""source"":""GO:BP"",""pval"":0.004833771542876109,""fdr"":0.020822400492389394,""overlap"":2,""set_size"":3,""overlap_genes"":[""AQP1"",""SLC12A2""]}]"
5,endochondral bone growth,EVC;FGFR3,"[{""term_id"":""GO:0003416"",""term_name"":""endochondral bone growth"",""source"":""GO:BP"",""pval"":0.004833771542876109,""fdr"":0.020822400492389394,""overlap"":2,""set_size"":3,""overlap_genes"":[""EVC"",""FGFR3""]}]"
6,defense response to other organism,CFH;CFHR5;F2,"[{""term_id"":""GO:0051838"",""term_name"":""cytolysis by host of symbiont cells"",""source"":""GO:BP"",""pval"":0.0016527487821851076,""fdr"":0.016614428528795723,""overlap"":2,""set_size"":2,""overlap_genes"":[""CFHR5"",""F2""]},{""term_id"":""GO:0006957"",""term_name"":""complement activation, alternative pathway"",""source"":""GO:BP"",""pval"":0.004833771542876109,""fdr"":0.023478318922541104,""overlap"":2,""set_size"":3,""overlap_genes"":[""CFH"",""CFHR5""]}]"
6,immune system process,CFH;CFHR4;CFHR5,"[{""term_id"":""GO:0006956"",""term_name"":""complement activation"",""source"":""GO:BP"",""pval"":0.0011475938838566202,""fdr"":0.016614428528795723,""overlap"":3,""set_size"":6,""overlap_genes"":[""CFH"",""CFHR4"",""CFHR5""]}]"
6,nervous system process,COCH;FGFR1;HOMER2,"[{""term_id"":""GO:0007605"",""term_name"":""sensory perception of sound"",""source"":""GO:BP"",""pval"":0.0019546386504465554,""fdr"":0.016614428528795723,""overlap"":3,""set_size"":7,""overlap_genes"":[""COCH"",""FGFR1"",""HOMER2""]}]"
6,negative regulation of substrate adhesion-dependent cell spreading,FBLN1;TACSTD2,"[{""term_id"":""GO:1900025"",""term_name"":""negative regulation of substrate adhesion-dependent cell spreading"",""source"":""GO:BP"",""pval"":0.0016527487821851076,""fdr"":0.016614428528795723,""overlap"":2,""set_size"":2,""overlap_genes"":[""FBLN1"",""TACSTD2""]}]"
6,negative regulation of G protein-coupled receptor signaling pathway,CXCL8;RGS4,"[{""term_id"":""GO:0045744"",""term_name"":""negative regulation of G protein-coupled receptor signaling pathway"",""source"":""GO:BP"",""pval"":0.004833771542876109,""fdr"":0.023478318922541104,""overlap"":2,""set_size"":3,""overlap_genes"":[""CXCL8"",""RGS4""]}]"
6,protein maturation,F2;F5,"[{""term_id"":""GO:0072377"",""term_name"":""blood coagulation, common pathway"",""source"":""GO:BP"",""pval"":0.004833771542876109,""fdr"":0.023478318922541104,""overlap"":2,""set_size"":3,""overlap_genes"":[""F2"",""F5""]},{""term_id"":""GO:0031638"",""term_name"":""zymogen activation"",""source"":""GO:BP"",""pval"":0.009425247791798026,""fdr"":0.02670486874342774,""overlap"":2,""set_size"":4,""overlap_genes"":[""F2"",""F5""]}]"
6,fibroblast growth factor receptor signaling pathway,FGFR1;FGFR4,"[{""term_id"":""GO:0008543"",""term_name"":""fibroblast growth factor receptor signaling pathway"",""source"":""GO:BP"",""pval"":0.009425247791798026,""fdr"":0.02670486874342774,""overlap"":2,""set_size"":4,""overlap_genes"":[""FGFR1"",""FGFR4""]}]"
6,negative regulation of cell motility,FBLN1;TACSTD2,"[{""term_id"":""GO:2000146"",""term_name"":""negative regulation of cell motility"",""source"":""GO:BP"",""pval"":0.009425247791798026,""fdr"":0.02670486874342774,""overlap"":2,""set_size"":4,""overlap_genes"":[""FBLN1"",""TACSTD2""]}]"
7,cell adhesion,ANXA9;CCL2;CDH2;CDH6;CTNND2;CX3CL1;NEO1,"[{""term_id"":""GO:0007155"",""term_name"":""cell adhesion"",""source"":""GO:BP"",""pval"":0.0003394429557569887,""fdr"":0.009843845716952673,""overlap"":7,""set_size"":37,""overlap_genes"":[""ANXA9"",""CCL2"",""CDH2"",""CDH6"",""CTNND2"",""CX3CL1"",""NEO1""]},{""term_id"":""GO:0098609"",""term_name"":""cell-cell adhesion"",""source"":""GO:BP"",""pval"":0.00032252073854217346,""fdr"":0.009843845716952673,""overlap"":6,""set_size"":26,""overlap_genes"":[""ANXA9"",""CDH2"",""CDH6"",""CTNND2"",""CX3CL1"",""NEO1""]},{""term_id"":""GO:0016339"",""term_name"":""calcium-dependent cell-cell adhesion"",""source"":""GO:BP"",""pval"":0.015315713119546593,""fdr"":0.04675322952282644,""overlap"":2,""set_size"":5,""overlap_genes"":[""CDH2"",""CDH6""]},{""term_id"":""GO:0044331"",""term_name"":""cell-cell adhesion mediated by cadherin"",""source"":""GO:BP"",""pval"":0.015315713119546593,""fdr"":0.04675322952282644,""overlap"":2,""set_size"":5,""overlap_genes"":[""CDH2"",""CDH6""]},{""term_id"":""GO:0007156"",""term_name"":""homophilic cell-cell adhesion"",""source"":""GO:BP"",""pval"":0.022399772737391577,""fdr"":0.05413278411536298,""overlap"":2,""set_size"":6,""overlap_genes"":[""CDH2"",""CDH6""]}]"
7,cell motility,APCDD1;C5;CCL2;CDH2;CDH6;CX3CL1;PDGFRA,"[{""term_id"":""GO:0043615"",""term_name"":""astrocyte cell migration"",""source"":""GO:BP"",""pval"":0.0016527487821851076,""fdr"":0.023964857341684062,""overlap"":2,""set_size"":2,""overlap_genes"":[""APCDD1"",""CCL2""]},{""term_id"":""GO:0016477"",""term_name"":""cell migration"",""source"":""GO:BP"",""pval"":0.00570307149773557,""fdr"":0.04675322952282644,""overlap"":4,""set_size"":19,""overlap_genes"":[""C5"",""CDH2"",""CDH6"",""PDGFRA""]},{""term_id"":""GO:0060326"",""term_name"":""cell chemotaxis"",""source"":""GO:BP"",""pval"":0.013579137384280654,""fdr"":0.04675322952282644,""overlap"":3,""set_size"":13,""overlap_genes"":[""C5"",""CX3CL1"",""PDGFRA""]},{""term_id"":""GO:0030595"",""term_name"":""leukocyte chemotaxis"",""source"":""GO:BP"",""pval"":0.004833771542876109,""fdr"":0.04675322952282644,""overlap"":2,""set_size"":3,""overlap_genes"":[""C5"",""CX3CL1""]},{""term_id"":""GO:0048246"",""term_name"":""macrophage chemotaxis"",""source"":""GO:BP"",""pval"":0.015315713119546593,""fdr"":0.04675322952282644,""overlap"":2,""set_size"":5,""overlap_genes"":[""CCL2"",""CX3CL1""]},{""term_id"":""GO:0048245"",""term_name"":""eosinophil chemotaxis"",""source"":""GO:BP"",""pval"":0.030577826372169596,""fdr"":0.057210126760833445,""overlap"":2,""set_size"":7,""overlap_genes"":[""CCL2"",""CX3CL1""]}]"
7,platelet-derived growth factor receptor signaling pathway,PDGFD;PDGFRA,"[{""term_id"":""GO:0048008"",""term_name"":""platelet-derived growth factor receptor signaling pathway"",""source"":""GO:BP"",""pval"":0.0016527487821851076,""fdr"":0.023964857341684062,""overlap"":2,""set_size"":2,""overlap_genes"":[""PDGFD"",""PDGFRA""]}]"
7,chemotaxis,C5;CCL2;CX3CL1;PDGFRA,"[{""term_id"":""GO:0006935"",""term_name"":""chemotaxis"",""source"":""GO:BP"",""pval"":0.008335369733280003,""fdr"":0.04675322952282644,""overlap"":4,""set_size"":21,""overlap_genes"":[""C5"",""CCL2"",""CX3CL1"",""PDGFRA""]}]"
7,positive regulation of cell migration,CCL2;CX3CL1;PDGFD;PDGFRA,"[{""term_id"":""GO:0030335"",""term_name"":""positive regulation of cell migration"",""source"":""GO:BP"",""pval"":0.013626972650871025,""fdr"":0.04675322952282644,""overlap"":4,""set_size"":24,""overlap_genes"":[""CCL2"",""CX3CL1"",""PDGFD"",""PDGFRA""]}]"
7,cell activation,PDGFRA;UGT1A1,"[{""term_id"":""GO:0001775"",""term_name"":""cell activation"",""source"":""GO:BP"",""pval"":0.009425247791798026,""fdr"":0.04675322952282644,""overlap"":2,""set_size"":4,""overlap_genes"":[""PDGFRA"",""UGT1A1""]}]"
7,cell junction organization,CDH2;CDH6,"[{""term_id"":""GO:0034332"",""term_name"":""adherens junction organization"",""source"":""GO:BP"",""pval"":0.015315713119546593,""fdr"":0.04675322952282644,""overlap"":2,""set_size"":5,""overlap_genes"":[""CDH2"",""CDH6""]},{""term_id"":""GO:0007043"",""term_name"":""cell-cell junction assembly"",""source"":""GO:BP"",""pval"":0.015315713119546593,""fdr"":0.04675322952282644,""overlap"":2,""set_size"":5,""overlap_genes"":[""CDH2"",""CDH6""]}]"
7,cellular response to transforming growth factor beta stimulus,PDGFD;SOX6,"[{""term_id"":""GO:0071560"",""term_name"":""cellular response to transforming growth factor beta stimulus"",""source"":""GO:BP"",""pval"":0.015315713119546593,""fdr"":0.04675322952282644,""overlap"":2,""set_size"":5,""overlap_genes"":[""PDGFD"",""SOX6""]}]"
8,carbohydrate derivative metabolic process,AKR1B10;AKR1C1,"[{""term_id"":""GO:0044597"",""term_name"":""daunorubicin metabolic process"",""source"":""GO:BP"",""pval"":0.009425247791798026,""fdr"":0.037778759028214925,""overlap"":2,""set_size"":4,""overlap_genes"":[""AKR1B10"",""AKR1C1""]},{""term_id"":""GO:0044598"",""term_name"":""doxorubicin metabolic process"",""source"":""GO:BP"",""pval"":0.009425247791798026,""fdr"":0.037778759028214925,""overlap"":2,""set_size"":4,""overlap_genes"":[""AKR1B10"",""AKR1C1""]}]"
8,cell adhesion,FGA;FGG,"[{""term_id"":""GO:0070527"",""term_name"":""platelet aggregation"",""source"":""GO:BP"",""pval"":0.015315713119546593,""fdr"":0.037778759028214925,""overlap"":2,""set_size"":5,""overlap_genes"":[""FGA"",""FGG""]}]"
8,circulatory system process,FGA;FGG,"[{""term_id"":""GO:0045907"",""term_name"":""positive regulation of vasoconstriction"",""source"":""GO:BP"",""pval"":0.015315713119546593,""fdr"":0.037778759028214925,""overlap"":2,""set_size"":5,""overlap_genes"":[""FGA"",""FGG""]}]"
8,fibrinolysis,FGA;FGG,"[{""term_id"":""GO:0042730"",""term_name"":""fibrinolysis"",""source"":""GO:BP"",""pval"":0.009425247791798026,""fdr"":0.037778759028214925,""overlap"":2,""set_size"":4,""overlap_genes"":[""FGA"",""FGG""]}]"
8,positive regulation of exocytosis,FGA;FGG,"[{""term_id"":""GO:0045921"",""term_name"":""positive regulation of exocytosis"",""source"":""GO:BP"",""pval"":0.015315713119546593,""fdr"":0.037778759028214925,""overlap"":2,""set_size"":5,""overlap_genes"":[""FGA"",""FGG""]}]"
8,positive regulation of heterotypic cell-cell adhesion,FGA;FGG,"[{""term_id"":""GO:0034116"",""term_name"":""positive regulation of heterotypic cell-cell adhesion"",""source"":""GO:BP"",""pval"":0.015315713119546593,""fdr"":0.037778759028214925,""overlap"":2,""set_size"":5,""overlap_genes"":[""FGA"",""FGG""]}]"
8,positive regulation of peptide hormone secretion,FGA;FGG,"[{""term_id"":""GO:0090277"",""term_name"":""positive regulation of peptide hormone secretion"",""source"":""GO:BP"",""pval"":0.009425247791798026,""fdr"":0.037778759028214925,""overlap"":2,""set_size"":4,""overlap_genes"":[""FGA"",""FGG""]}]"
8,positive regulation of protein secretion,FGA;FGG,"[{""term_id"":""GO:0050714"",""term_name"":""positive regulation of protein secretion"",""source"":""GO:BP"",""pval"":0.015315713119546593,""fdr"":0.037778759028214925,""overlap"":2,""set_size"":5,""overlap_genes"":[""FGA"",""FGG""]}]"
9,tissue morphogenesis,GCNT3;GCNT4,"[{""term_id"":""GO:0048729"",""term_name"":""tissue morphogenesis"",""source"":""GO:BP"",""pval"":0.0016527487821851076,""fdr"":0.02809672929714683,""overlap"":2,""set_size"":2,""overlap_genes"":[""GCNT3"",""GCNT4""]}]"
9,glycoprotein biosynthetic process,GCNT3;GCNT4,"[{""term_id"":""GO:0006493"",""term_name"":""protein O-linked glycosylation"",""source"":""GO:BP"",""pval"":0.004833771542876109,""fdr"":0.040057303115141614,""overlap"":2,""set_size"":3,""overlap_genes"":[""GCNT3"",""GCNT4""]},{""term_id"":""GO:0016266"",""term_name"":""protein O-linked glycosylation via N-acetyl-galactosamine"",""source"":""GO:BP"",""pval"":0.009425247791798026,""fdr"":0.040057303115141614,""overlap"":2,""set_size"":4,""overlap_genes"":[""GCNT3"",""GCNT4""]}]"
9,kidney morphogenesis,GCNT3;GCNT4,"[{""term_id"":""GO:0060993"",""term_name"":""kidney morphogenesis"",""source"":""GO:BP"",""pval"":0.009425247791798026,""fdr"":0.040057303115141614,""overlap"":2,""set_size"":4,""overlap_genes"":[""GCNT3"",""GCNT4""]}]"
9,transmembrane transport,KCNJ16;SNAP25,"[{""term_id"":""GO:0071805"",""term_name"":""potassium ion transmembrane transport"",""source"":""GO:BP"",""pval"":0.022399772737391577,""fdr"":0.07615922730713136,""overlap"":2,""set_size"":6,""overlap_genes"":[""KCNJ16"",""SNAP25""]}]"
9,regulation of cell shape,BAMBI;COCH,"[{""term_id"":""GO:0008360"",""term_name"":""regulation of cell shape"",""source"":""GO:BP"",""pval"":0.030577826372169596,""fdr"":0.08663717472114718,""overlap"":2,""set_size"":7,""overlap_genes"":[""BAMBI"",""COCH""]}]"
9,carbohydrate metabolic process,GCNT3;GCNT4,"[{""term_id"":""GO:0005975"",""term_name"":""carbohydrate metabolic process"",""source"":""GO:BP"",""pval"":0.03975580411239791,""fdr"":0.09654980998725207,""overlap"":2,""set_size"":8,""overlap_genes"":[""GCNT3"",""GCNT4""]}]"
10,lipid metabolic process,CYP3A4;CYP3A5;PDGFRA,"[{""term_id"":""GO:0008210"",""term_name"":""estrogen metabolic process"",""source"":""GO:BP"",""pval"":0.0011475938838566202,""fdr"":0.015976571561122706,""overlap"":3,""set_size"":6,""overlap_genes"":[""CYP3A4"",""CYP3A5"",""PDGFRA""]},{""term_id"":""GO:0002933"",""term_name"":""lipid hydroxylation"",""source"":""GO:BP"",""pval"":0.0016527487821851076,""fdr"":0.015976571561122706,""overlap"":2,""set_size"":2,""overlap_genes"":[""CYP3A4"",""CYP3A5""]},{""term_id"":""GO:0042573"",""term_name"":""retinoic acid metabolic process"",""source"":""GO:BP"",""pval"":0.015315713119546593,""fdr"":0.0555194600583564,""overlap"":2,""set_size"":5,""overlap_genes"":[""CYP3A4"",""CYP3A5""]}]"
10,alkaloid catabolic process,CYP3A4;CYP3A5,"[{""term_id"":""GO:0009822"",""term_name"":""alkaloid catabolic process"",""source"":""GO:BP"",""pval"":0.0016527487821851076,""fdr"":0.015976571561122706,""overlap"":2,""set_size"":2,""overlap_genes"":[""CYP3A4"",""CYP3A5""]}]"
10,aflatoxin metabolic process,CYP3A4;CYP3A5,"[{""term_id"":""GO:0046222"",""term_name"":""aflatoxin metabolic process"",""source"":""GO:BP"",""pval"":0.004833771542876109,""fdr"":0.02803587494868143,""overlap"":2,""set_size"":3,""overlap_genes"":[""CYP3A4"",""CYP3A5""]}]"
10,oxidative demethylation,CYP3A4;CYP3A5,"[{""term_id"":""GO:0070989"",""term_name"":""oxidative demethylation"",""source"":""GO:BP"",""pval"":0.004833771542876109,""fdr"":0.02803587494868143,""overlap"":2,""set_size"":3,""overlap_genes"":[""CYP3A4"",""CYP3A5""]}]"
10,wound healing,CX3CL1;PDGFRA,"[{""term_id"":""GO:0042060"",""term_name"":""wound healing"",""source"":""GO:BP"",""pval"":0.009425247791798026,""fdr"":0.039047455137448964,""overlap"":2,""set_size"":4,""overlap_genes"":[""CX3CL1"",""PDGFRA""]}]"
10,xenobiotic catabolic process,CYP3A4;CYP3A5,"[{""term_id"":""GO:0042178"",""term_name"":""xenobiotic catabolic process"",""source"":""GO:BP"",""pval"":0.009425247791798026,""fdr"":0.039047455137448964,""overlap"":2,""set_size"":4,""overlap_genes"":[""CYP3A4"",""CYP3A5""]}]"
11,positive regulation of peptide hormone secretion,FGA;FGB;FGG;TFR2,"[{""term_id"":""GO:0090277"",""term_name"":""positive regulation of peptide hormone secretion"",""source"":""GO:BP"",""pval"":2.218104468078221e-06,""fdr"":7.541555191465952e-05,""overlap"":4,""set_size"":4,""overlap_genes"":[""FGA"",""FGB"",""FGG"",""TFR2""]}]"
11,protein-containing complex assembly,FGA;FGB;FGG,"[{""term_id"":""GO:0051258"",""term_name"":""protein polymerization"",""source"":""GO:BP"",""pval"":6.223740183960656e-05,""fdr"":0.0010580358312733116,""overlap"":3,""set_size"":3,""overlap_genes"":[""FGA"",""FGB"",""FGG""]},{""term_id"":""GO:0065003"",""term_name"":""protein-containing complex assembly"",""source"":""GO:BP"",""pval"":0.010731694819635988,""fdr"":0.017375124946077312,""overlap"":3,""set_size"":12,""overlap_genes"":[""FGA"",""FGB"",""FGG""]}]"
11,fibrinolysis,FGA;FGB;FGG,"[{""term_id"":""GO:0042730"",""term_name"":""fibrinolysis"",""source"":""GO:BP"",""pval"":0.00024229529395419154,""fdr"":0.0016476079988885024,""overlap"":3,""set_size"":4,""overlap_genes"":[""FGA"",""FGB"",""FGG""]}]"
11,protein maturation,FGA;FGB;FGG,"[{""term_id"":""GO:0031639"",""term_name"":""plasminogen activation"",""source"":""GO:BP"",""pval"":0.00024229529395419154,""fdr"":0.0016476079988885024,""overlap"":3,""set_size"":4,""overlap_genes"":[""FGA"",""FGB"",""FGG""]},{""term_id"":""GO:0072378"",""term_name"":""blood coagulation, fibrin clot formation"",""source"":""GO:BP"",""pval"":0.000589549800175177,""fdr"":0.0016703911004963346,""overlap"":3,""set_size"":5,""overlap_genes"":[""FGA"",""FGB"",""FGG""]}]"
11,response to calcium ion,FGA;FGB;FGG,"[{""term_id"":""GO:0051592"",""term_name"":""response to calcium ion"",""source"":""GO:BP"",""pval"":0.00024229529395419154,""fdr"":0.0016476079988885024,""overlap"":3,""set_size"":4,""overlap_genes"":[""FGA"",""FGB"",""FGG""]}]"
11,cell adhesion,FGA;FGB;FGG,"[{""term_id"":""GO:0070527"",""term_name"":""platelet aggregation"",""source"":""GO:BP"",""pval"":0.000589549800175177,""fdr"":0.0016703911004963346,""overlap"":3,""set_size"":5,""overlap_genes"":[""FGA"",""FGB"",""FGG""]},{""term_id"":""GO:0007160"",""term_name"":""cell-matrix adhesion"",""source"":""GO:BP"",""pval"":0.010731694819635988,""fdr"":0.017375124946077312,""overlap"":3,""set_size"":12,""overlap_genes"":[""FGA"",""FGB"",""FGG""]}]"
11,circulatory system process,FGA;FGB;FGG,"[{""term_id"":""GO:0045907"",""term_name"":""positive regulation of vasoconstriction"",""source"":""GO:BP"",""pval"":0.000589549800175177,""fdr"":0.0016703911004963346,""overlap"":3,""set_size"":5,""overlap_genes"":[""FGA"",""FGB"",""FGG""]}]"
11,positive regulation of exocytosis,FGA;FGB;FGG,"[{""term_id"":""GO:0045921"",""term_name"":""positive regulation of exocytosis"",""source"":""GO:BP"",""pval"":0.000589549800175177,""fdr"":0.0016703911004963346,""overlap"":3,""set_size"":5,""overlap_genes"":[""FGA"",""FGB"",""FGG""]}]"
12,circulatory system process,ABCC4;FGA;FGG;SLC12A2,"[{""term_id"":""GO:0045907"",""term_name"":""positive regulation of vasoconstriction"",""source"":""GO:BP"",""pval"":0.015315713119546593,""fdr"":0.03281938525617127,""overlap"":2,""set_size"":5,""overlap_genes"":[""FGA"",""FGG""]},{""term_id"":""GO:0150104"",""term_name"":""transport across blood-brain barrier"",""source"":""GO:BP"",""pval"":0.030577826372169596,""fdr"":0.0458667395582544,""overlap"":2,""set_size"":7,""overlap_genes"":[""ABCC4"",""SLC12A2""]}]"
12,positive regulation of ERK1 and ERK2 cascade,ALKAL2;FGA;FGFR3;FGG,"[{""term_id"":""GO:0070374"",""term_name"":""positive regulation of ERK1 and ERK2 cascade"",""source"":""GO:BP"",""pval"":0.0036995277223842056,""fdr"":0.03281938525617127,""overlap"":4,""set_size"":17,""overlap_genes"":[""ALKAL2"",""FGA"",""FGFR3"",""FGG""]}]"
12,transmembrane transport,ABCC4;C5;SLC12A2;TMC4,"[{""term_id"":""GO:1902476"",""term_name"":""chloride transmembrane transport"",""source"":""GO:BP"",""pval"":0.015315713119546593,""fdr"":0.03281938525617127,""overlap"":2,""set_size"":5,""overlap_genes"":[""SLC12A2"",""TMC4""]},{""term_id"":""GO:0055085"",""term_name"":""transmembrane transport"",""source"":""GO:BP"",""pval"":0.057358754973019246,""fdr"":0.07821648405411716,""overlap"":3,""set_size"":22,""overlap_genes"":[""ABCC4"",""C5"",""SLC12A2""]}]"
12,cell adhesion,FGA;FGG,"[{""term_id"":""GO:0070527"",""term_name"":""platelet aggregation"",""source"":""GO:BP"",""pval"":0.015315713119546593,""fdr"":0.03281938525617127,""overlap"":2,""set_size"":5,""overlap_genes"":[""FGA"",""FGG""]},{""term_id"":""GO:0007160"",""term_name"":""cell-matrix adhesion"",""source"":""GO:BP"",""pval"":0.08476520150039728,""fdr"":0.09780600173122762,""overlap"":2,""set_size"":12,""overlap_genes"":[""FGA"",""FGG""]}]"
12,fibrinolysis,FGA;FGG,"[{""term_id"":""GO:0042730"",""term_name"":""fibrinolysis"",""source"":""GO:BP"",""pval"":0.009425247791798026,""fdr"":0.03281938525617127,""overlap"":2,""set_size"":4,""overlap_genes"":[""FGA"",""FGG""]}]"
12,positive regulation of exocytosis,FGA;FGG,"[{""term_id"":""GO:0045921"",""term_name"":""positive regulation of exocytosis"",""source"":""GO:BP"",""pval"":0.015315713119546593,""fdr"":0.03281938525617127,""overlap"":2,""set_size"":5,""overlap_genes"":[""FGA"",""FGG""]}]"
12,positive regulation of heterotypic cell-cell adhesion,FGA;FGG,"[{""term_id"":""GO:0034116"",""term_name"":""positive regulation of heterotypic cell-cell adhesion"",""source"":""GO:BP"",""pval"":0.015315713119546593,""fdr"":0.03281938525617127,""overlap"":2,""set_size"":5,""overlap_genes"":[""FGA"",""FGG""]}]"
12,positive regulation of peptide hormone secretion,FGA;FGG,"[{""term_id"":""GO:0090277"",""term_name"":""positive regulation of peptide hormone secretion"",""source"":""GO:BP"",""pval"":0.009425247791798026,""fdr"":0.03281938525617127,""overlap"":2,""set_size"":4,""overlap_genes"":[""FGA"",""FGG""]}]"
13,defense response,CXCL1;CXCL12;CXCL2;CXCL3,"[{""term_id"":""GO:0006952"",""term_name"":""defense response"",""source"":""GO:BP"",""pval"":0.000882447811108995,""fdr"":0.01013632750409386,""overlap"":4,""set_size"":12,""overlap_genes"":[""CXCL1"",""CXCL12"",""CXCL2"",""CXCL3""]}]"
13,killing of cells of another organism,CXCL1;CXCL12;CXCL2;CXCL3,"[{""term_id"":""GO:0031640"",""term_name"":""killing of cells of another organism"",""source"":""GO:BP"",""pval"":0.0016893879173489764,""fdr"":0.01013632750409386,""overlap"":4,""set_size"":14,""overlap_genes"":[""CXCL1"",""CXCL12"",""CXCL2"",""CXCL3""]}]"
13,negative chemotaxis,SEMA4G;SEMA6A,"[{""term_id"":""GO:0050919"",""term_name"":""negative chemotaxis"",""source"":""GO:BP"",""pval"":0.0016527487821851076,""fdr"":0.01013632750409386,""overlap"":2,""set_size"":2,""overlap_genes"":[""SEMA4G"",""SEMA6A""]}]"
13,semaphorin-plexin signaling pathway,SEMA4G;SEMA6A,"[{""term_id"":""GO:0071526"",""term_name"":""semaphorin-plexin signaling pathway"",""source"":""GO:BP"",""pval"":0.0016527487821851076,""fdr"":0.01013632750409386,""overlap"":2,""set_size"":2,""overlap_genes"":[""SEMA4G"",""SEMA6A""]}]"
13,cell motility,CXCL1;CXCL12;CXCL2;SEMA4G;SEMA6A,"[{""term_id"":""GO:0001755"",""term_name"":""neural crest cell migration"",""source"":""GO:BP"",""pval"":0.004833771542876109,""fdr"":0.02118511989832179,""overlap"":2,""set_size"":3,""overlap_genes"":[""SEMA4G"",""SEMA6A""]},{""term_id"":""GO:0060326"",""term_name"":""cell chemotaxis"",""source"":""GO:BP"",""pval"":0.013579137384280654,""fdr"":0.03258992972227357,""overlap"":3,""set_size"":13,""overlap_genes"":[""CXCL1"",""CXCL12"",""CXCL2""]}]"
13,defense response to other organism,CXCL1;CXCL12;CXCL2;CXCL3,"[{""term_id"":""GO:0061844"",""term_name"":""antimicrobial humoral immune response mediated by antimicrobial peptide"",""source"":""GO:BP"",""pval"":0.00570307149773557,""fdr"":0.02118511989832179,""overlap"":4,""set_size"":19,""overlap_genes"":[""CXCL1"",""CXCL12"",""CXCL2"",""CXCL3""]}]"
13,axon guidance,CXCL12;SEMA4G;SEMA6A,"[{""term_id"":""GO:0007411"",""term_name"":""axon guidance"",""source"":""GO:BP"",""pval"":0.006178993303677189,""fdr"":0.02118511989832179,""overlap"":3,""set_size"":10,""overlap_genes"":[""CXCL12"",""SEMA4G"",""SEMA6A""]}]"
13,chemotaxis,CXCL1;CXCL12;CXCL2;CXCL3,"[{""term_id"":""GO:0006935"",""term_name"":""chemotaxis"",""source"":""GO:BP"",""pval"":0.008335369733280003,""fdr"":0.02500610919984001,""overlap"":4,""set_size"":21,""overlap_genes"":[""CXCL1"",""CXCL12"",""CXCL2"",""CXCL3""]}]"
14,protein catabolic process,IFI27;TRIM45,"[{""term_id"":""GO:0043161"",""term_name"":""proteasome-mediated ubiquitin-dependent protein catabolic process"",""source"":""GO:BP"",""pval"":0.0016527487821851076,""fdr"":0.02644398051496172,""overlap"":2,""set_size"":2,""overlap_genes"":[""IFI27"",""TRIM45""]}]"
14,protein K48-linked ubiquitination,IFI27;TRIM45,"[{""term_id"":""GO:0070936"",""term_name"":""protein K48-linked ubiquitination"",""source"":""GO:BP"",""pval"":0.004833771542876109,""fdr"":0.038670172343008874,""overlap"":2,""set_size"":3,""overlap_genes"":[""IFI27"",""TRIM45""]}]"
14,nucleobase-containing small molecule metabolic process,ALDOB;OGDHL,"[{""term_id"":""GO:0006096"",""term_name"":""glycolytic process"",""source"":""GO:BP"",""pval"":0.015315713119546593,""fdr"":0.0490102819825491,""overlap"":2,""set_size"":5,""overlap_genes"":[""ALDOB"",""OGDHL""]}]"
14,regulation of G protein-coupled receptor signaling pathway,RGS4;RIC8B,"[{""term_id"":""GO:0008277"",""term_name"":""regulation of G protein-coupled receptor signaling pathway"",""source"":""GO:BP"",""pval"":0.009425247791798026,""fdr"":0.0490102819825491,""overlap"":2,""set_size"":4,""overlap_genes"":[""RGS4"",""RIC8B""]}]"
14,transmembrane transport,SLC17A4;SLC5A9,"[{""term_id"":""GO:0035725"",""term_name"":""sodium ion transmembrane transport"",""source"":""GO:BP"",""pval"":0.015315713119546593,""fdr"":0.0490102819825491,""overlap"":2,""set_size"":5,""overlap_genes"":[""SLC17A4"",""SLC5A9""]}]"
14,anatomical structure development,SMAD5;TRIM45,"[{""term_id"":""GO:0060348"",""term_name"":""bone development"",""source"":""GO:BP"",""pval"":0.030577826372169596,""fdr"":0.06115565274433919,""overlap"":2,""set_size"":7,""overlap_genes"":[""SMAD5"",""TRIM45""]}]"
14,intracellular iron ion homeostasis,SMAD5;TFR2,"[{""term_id"":""GO:0006879"",""term_name"":""intracellular iron ion homeostasis"",""source"":""GO:BP"",""pval"":0.030577826372169596,""fdr"":0.06115565274433919,""overlap"":2,""set_size"":7,""overlap_genes"":[""SMAD5"",""TFR2""]}]"
14,sodium ion transport,SLC17A4;SLC5A9,"[{""term_id"":""GO:0006814"",""term_name"":""sodium ion transport"",""source"":""GO:BP"",""pval"":0.030577826372169596,""fdr"":0.06115565274433919,""overlap"":2,""set_size"":7,""overlap_genes"":[""SLC17A4"",""SLC5A9""]}]"
15,lipid metabolic process,AKR1B10;ALDH1A1;CYP4A11;ELOVL7;SPNS2;UGT1A1,"[{""term_id"":""GO:0030148"",""term_name"":""sphingolipid biosynthetic process"",""source"":""GO:BP"",""pval"":0.0016527487821851076,""fdr"":0.03801322199025747,""overlap"":2,""set_size"":2,""overlap_genes"":[""ELOVL7"",""SPNS2""]},{""term_id"":""GO:0006629"",""term_name"":""lipid metabolic process"",""source"":""GO:BP"",""pval"":0.01366565405742049,""fdr"":0.07857751083016781,""overlap"":5,""set_size"":37,""overlap_genes"":[""AKR1B10"",""ALDH1A1"",""CYP4A11"",""ELOVL7"",""UGT1A1""]},{""term_id"":""GO:0001523"",""term_name"":""retinoid metabolic process"",""source"":""GO:BP"",""pval"":0.022399772737391577,""fdr"":0.08791125081998759,""overlap"":2,""set_size"":6,""overlap_genes"":[""AKR1B10"",""ALDH1A1""]}]"
15,detoxification,AKR1B10;ALDH1A1,"[{""term_id"":""GO:0110095"",""term_name"":""cellular detoxification of aldehyde"",""source"":""GO:BP"",""pval"":0.004833771542876109,""fdr"":0.05558837274307526,""overlap"":2,""set_size"":3,""overlap_genes"":[""AKR1B10"",""ALDH1A1""]}]"
15,response to cocaine,MYRF;RGS4,"[{""term_id"":""GO:0042220"",""term_name"":""response to cocaine"",""source"":""GO:BP"",""pval"":0.009425247791798026,""fdr"":0.07226023307045154,""overlap"":2,""set_size"":4,""overlap_genes"":[""MYRF"",""RGS4""]}]"
15,nervous system process,COCH;SPNS2,"[{""term_id"":""GO:0007605"",""term_name"":""sensory perception of sound"",""source"":""GO:BP"",""pval"":0.030577826372169596,""fdr"":0.08791125081998759,""overlap"":2,""set_size"":7,""overlap_genes"":[""COCH"",""SPNS2""]}]"
15,positive regulation of smooth muscle cell proliferation,CX3CL1;PDGFD,"[{""term_id"":""GO:0048661"",""term_name"":""positive regulation of smooth muscle cell proliferation"",""source"":""GO:BP"",""pval"":0.030577826372169596,""fdr"":0.08791125081998759,""overlap"":2,""set_size"":7,""overlap_genes"":[""CX3CL1"",""PDGFD""]}]"
15,sodium ion transport,FXYD2;SLC5A9,"[{""term_id"":""GO:0006814"",""term_name"":""sodium ion transport"",""source"":""GO:BP"",""pval"":0.030577826372169596,""fdr"":0.08791125081998759,""overlap"":2,""set_size"":7,""overlap_genes"":[""FXYD2"",""SLC5A9""]}]"
16,lipid metabolic process,ACSL5;APOA5;HMGCS2;HPGD;IL1RN;PPARG;UGT2B10,"[{""term_id"":""GO:0006629"",""term_name"":""lipid metabolic process"",""source"":""GO:BP"",""pval"":0.01366565405742049,""fdr"":0.034808438908060436,""overlap"":5,""set_size"":37,""overlap_genes"":[""ACSL5"",""HMGCS2"",""HPGD"",""IL1RN"",""UGT2B10""]},{""term_id"":""GO:0006631"",""term_name"":""fatty acid metabolic process"",""source"":""GO:BP"",""pval"":0.008269383067504243,""fdr"":0.034808438908060436,""overlap"":3,""set_size"":11,""overlap_genes"":[""ACSL5"",""HPGD"",""PPARG""]},{""term_id"":""GO:0008203"",""term_name"":""cholesterol metabolic process"",""source"":""GO:BP"",""pval"":0.04984491281473121,""fdr"":0.07788267627301751,""overlap"":2,""set_size"":9,""overlap_genes"":[""APOA5"",""HMGCS2""]}]"
16,anatomical structure development,HMGCS2;HPGD;RORC,"[{""term_id"":""GO:0060612"",""term_name"":""adipose tissue development"",""source"":""GO:BP"",""pval"":0.015315713119546593,""fdr"":0.034808438908060436,""overlap"":2,""set_size"":5,""overlap_genes"":[""HMGCS2"",""RORC""]},{""term_id"":""GO:0001822"",""term_name"":""kidney development"",""source"":""GO:BP"",""pval"":0.030577826372169596,""fdr"":0.05460326137887427,""overlap"":2,""set_size"":7,""overlap_genes"":[""HMGCS2"",""HPGD""]}]"
16,cell differentiation,BATF;RORC,"[{""term_id"":""GO:0072539"",""term_name"":""T-helper 17 cell differentiation"",""source"":""GO:BP"",""pval"":0.004833771542876109,""fdr"":0.034808438908060436,""overlap"":2,""set_size"":3,""overlap_genes"":[""BATF"",""RORC""]}]"
16,cellular response to insulin stimulus,HMGCS2;PPARG,"[{""term_id"":""GO:0032869"",""term_name"":""cellular response to insulin stimulus"",""source"":""GO:BP"",""pval"":0.009425247791798026,""fdr"":0.034808438908060436,""overlap"":2,""set_size"":4,""overlap_genes"":[""HMGCS2"",""PPARG""]}]"
16,digestive system process,TFF1;VSIG1,"[{""term_id"":""GO:0030277"",""term_name"":""maintenance of gastrointestinal epithelium"",""source"":""GO:BP"",""pval"":0.015315713119546593,""fdr"":0.034808438908060436,""overlap"":2,""set_size"":5,""overlap_genes"":[""TFF1"",""VSIG1""]}]"
16,intracellular receptor signaling pathway,PPARG;RORC,"[{""term_id"":""GO:0030522"",""term_name"":""intracellular receptor signaling pathway"",""source"":""GO:BP"",""pval"":0.009425247791798026,""fdr"":0.034808438908060436,""overlap"":2,""set_size"":4,""overlap_genes"":[""PPARG"",""RORC""]}]"
16,response to cAMP,DUOX2;HMGCS2,"[{""term_id"":""GO:0051591"",""term_name"":""response to cAMP"",""source"":""GO:BP"",""pval"":0.004833771542876109,""fdr"":0.034808438908060436,""overlap"":2,""set_size"":3,""overlap_genes"":[""DUOX2"",""HMGCS2""]}]"
16,response to estradiol,HPGD;MMP15,"[{""term_id"":""GO:0032355"",""term_name"":""response to estradiol"",""source"":""GO:BP"",""pval"":0.009425247791798026,""fdr"":0.034808438908060436,""overlap"":2,""set_size"":4,""overlap_genes"":[""HPGD"",""MMP15""]}]"
17,glycoprotein biosynthetic process,GALNT5;GCNT3,"[{""term_id"":""GO:0006493"",""term_name"":""protein O-linked glycosylation"",""source"":""GO:BP"",""pval"":0.004833771542876109,""fdr"":0.023563119479495062,""overlap"":2,""set_size"":3,""overlap_genes"":[""GALNT5"",""GCNT3""]},{""term_id"":""GO:0016266"",""term_name"":""protein O-linked glycosylation via N-acetyl-galactosamine"",""source"":""GO:BP"",""pval"":0.009425247791798026,""fdr"":0.023563119479495062,""overlap"":2,""set_size"":4,""overlap_genes"":[""GALNT5"",""GCNT3""]}]"
17,transmembrane transport,GJB2;SLC2A1;SLCO1B3,"[{""term_id"":""GO:0055085"",""term_name"":""transmembrane transport"",""source"":""GO:BP"",""pval"":0.057358754973019246,""fdr"":0.09559792495503208,""overlap"":3,""set_size"":22,""overlap_genes"":[""GJB2"",""SLC2A1"",""SLCO1B3""]}]"
18,transforming growth factor beta receptor signaling pathway,BAMBI;HPGD;ITGB1,"[{""term_id"":""GO:0007179"",""term_name"":""transforming growth factor beta receptor signaling pathway"",""source"":""GO:BP"",""pval"":0.003043893151484641,""fdr"":0.04592082965732304,""overlap"":3,""set_size"":8,""overlap_genes"":[""BAMBI"",""HPGD"",""ITGB1""]}]"
18,cytoskeleton organization,ITGB1;KRT19,"[{""term_id"":""GO:0045214"",""term_name"":""sarcomere organization"",""source"":""GO:BP"",""pval"":0.004833771542876109,""fdr"":0.04592082965732304,""overlap"":2,""set_size"":3,""overlap_genes"":[""ITGB1"",""KRT19""]}]"
18,cell adhesion,CALCA;CDH6;ITGB1,"[{""term_id"":""GO:0007156"",""term_name"":""homophilic cell-cell adhesion"",""source"":""GO:BP"",""pval"":0.022399772737391577,""fdr"":0.047288409112271106,""overlap"":2,""set_size"":6,""overlap_genes"":[""CDH6"",""ITGB1""]},{""term_id"":""GO:0007159"",""term_name"":""leukocyte cell-cell adhesion"",""source"":""GO:BP"",""pval"":0.022399772737391577,""fdr"":0.047288409112271106,""overlap"":2,""set_size"":6,""overlap_genes"":[""CALCA"",""ITGB1""]}]"
18,negative regulation of osteoblast differentiation,BAMBI;IGFBP5,"[{""term_id"":""GO:0045668"",""term_name"":""negative regulation of osteoblast differentiation"",""source"":""GO:BP"",""pval"":0.015315713119546593,""fdr"":0.047288409112271106,""overlap"":2,""set_size"":5,""overlap_genes"":[""BAMBI"",""IGFBP5""]}]"
18,positive regulation of vascular associated smooth muscle cell proliferation,HPGD;IGFBP5,"[{""term_id"":""GO:1904707"",""term_name"":""positive regulation of vascular associated smooth muscle cell proliferation"",""source"":""GO:BP"",""pval"":0.015315713119546593,""fdr"":0.047288409112271106,""overlap"":2,""set_size"":5,""overlap_genes"":[""HPGD"",""IGFBP5""]}]"
18,positive regulation of wound healing,DUOX2;ITGB1,"[{""term_id"":""GO:0090303"",""term_name"":""positive regulation of wound healing"",""source"":""GO:BP"",""pval"":0.009425247791798026,""fdr"":0.047288409112271106,""overlap"":2,""set_size"":4,""overlap_genes"":[""DUOX2"",""ITGB1""]}]"
18,reproductive process,HPGD;IGFBP5,"[{""term_id"":""GO:0007565"",""term_name"":""female pregnancy"",""source"":""GO:BP"",""pval"":0.022399772737391577,""fdr"":0.047288409112271106,""overlap"":2,""set_size"":6,""overlap_genes"":[""HPGD"",""IGFBP5""]}]"
18,vesicle-mediated transport,CALCA;ITGB1,"[{""term_id"":""GO:0031623"",""term_name"":""receptor internalization"",""source"":""GO:BP"",""pval"":0.022399772737391577,""fdr"":0.047288409112271106,""overlap"":2,""set_size"":6,""overlap_genes"":[""CALCA"",""ITGB1""]}]"
19,fibrinolysis,FGA;FGB;FGG,"[{""term_id"":""GO:0042730"",""term_name"":""fibrinolysis"",""source"":""GO:BP"",""pval"":0.00024229529395419154,""fdr"":0.0031013797626136515,""overlap"":3,""set_size"":4,""overlap_genes"":[""FGA"",""FGB"",""FGG""]}]"
19,positive regulation of peptide hormone secretion,FGA;FGB;FGG,"[{""term_id"":""GO:0090277"",""term_name"":""positive regulation of peptide hormone secretion"",""source"":""GO:BP"",""pval"":0.00024229529395419154,""fdr"":0.0031013797626136515,""overlap"":3,""set_size"":4,""overlap_genes"":[""FGA"",""FGB"",""FGG""]}]"
19,protein maturation,FGA;FGB;FGG,"[{""term_id"":""GO:0031639"",""term_name"":""plasminogen activation"",""source"":""GO:BP"",""pval"":0.00024229529395419154,""fdr"":0.0031013797626136515,""overlap"":3,""set_size"":4,""overlap_genes"":[""FGA"",""FGB"",""FGG""]},{""term_id"":""GO:0072378"",""term_name"":""blood coagulation, fibrin clot formation"",""source"":""GO:BP"",""pval"":0.000589549800175177,""fdr"":0.003144265600934277,""overlap"":3,""set_size"":5,""overlap_genes"":[""FGA"",""FGB"",""FGG""]}]"
19,protein-containing complex assembly,FGA;FGB;FGG,"[{""term_id"":""GO:0051258"",""term_name"":""protein polymerization"",""source"":""GO:BP"",""pval"":6.223740183960656e-05,""fdr"":0.0031013797626136515,""overlap"":3,""set_size"":3,""overlap_genes"":[""FGA"",""FGB"",""FGG""]},{""term_id"":""GO:0065003"",""term_name"":""protein-containing complex assembly"",""source"":""GO:BP"",""pval"":0.010731694819635988,""fdr"":0.024529588159167972,""overlap"":3,""set_size"":12,""overlap_genes"":[""FGA"",""FGB"",""FGG""]}]"
19,response to calcium ion,FGA;FGB;FGG,"[{""term_id"":""GO:0051592"",""term_name"":""response to calcium ion"",""source"":""GO:BP"",""pval"":0.00024229529395419154,""fdr"":0.0031013797626136515,""overlap"":3,""set_size"":4,""overlap_genes"":[""FGA"",""FGB"",""FGG""]}]"
19,cell adhesion,FGA;FGB;FGG,"[{""term_id"":""GO:0070527"",""term_name"":""platelet aggregation"",""source"":""GO:BP"",""pval"":0.000589549800175177,""fdr"":0.003144265600934277,""overlap"":3,""set_size"":5,""overlap_genes"":[""FGA"",""FGB"",""FGG""]},{""term_id"":""GO:0007160"",""term_name"":""cell-matrix adhesion"",""source"":""GO:BP"",""pval"":0.010731694819635988,""fdr"":0.024529588159167972,""overlap"":3,""set_size"":12,""overlap_genes"":[""FGA"",""FGB"",""FGG""]}]"
19,circulatory system process,FGA;FGB;FGG,"[{""term_id"":""GO:0045907"",""term_name"":""positive regulation of vasoconstriction"",""source"":""GO:BP"",""pval"":0.000589549800175177,""fdr"":0.003144265600934277,""overlap"":3,""set_size"":5,""overlap_genes"":[""FGA"",""FGB"",""FGG""]}]"
19,positive regulation of exocytosis,FGA;FGB;FGG,"[{""term_id"":""GO:0045921"",""term_name"":""positive regulation of exocytosis"",""source"":""GO:BP"",""pval"":0.000589549800175177,""fdr"":0.003144265600934277,""overlap"":3,""set_size"":5,""overlap_genes"":[""FGA"",""FGB"",""FGG""]}]"
20,positive regulation of reactive oxygen species metabolic process,ACE2;AKR1C3;LCN2,"[{""term_id"":""GO:2000379"",""term_name"":""positive regulation of reactive oxygen species metabolic process"",""source"":""GO:BP"",""pval"":0.0011475938838566202,""fdr"":0.032132628747985365,""overlap"":3,""set_size"":6,""overlap_genes"":[""ACE2"",""AKR1C3"",""LCN2""]}]"
21,carbohydrate metabolic process,FUT2;GCNT3;ST6GALNAC1;TFF1,"[{""term_id"":""GO:0009312"",""term_name"":""oligosaccharide biosynthetic process"",""source"":""GO:BP"",""pval"":0.0016527487821851076,""fdr"":0.00661099512874043,""overlap"":2,""set_size"":2,""overlap_genes"":[""FUT2"",""ST6GALNAC1""]},{""term_id"":""GO:0005975"",""term_name"":""carbohydrate metabolic process"",""source"":""GO:BP"",""pval"":0.003043893151484641,""fdr"":0.009740458084750851,""overlap"":3,""set_size"":8,""overlap_genes"":[""FUT2"",""GCNT3"",""TFF1""]}]"
21,digestive system process,TFF1;TFF2;TFF3,"[{""term_id"":""GO:0030277"",""term_name"":""maintenance of gastrointestinal epithelium"",""source"":""GO:BP"",""pval"":0.000589549800175177,""fdr"":0.00661099512874043,""overlap"":3,""set_size"":5,""overlap_genes"":[""TFF1"",""TFF2"",""TFF3""]}]"
21,carbohydrate derivative metabolic process,FUT2;ST6GALNAC1,"[{""term_id"":""GO:0009101"",""term_name"":""glycoprotein biosynthetic process"",""source"":""GO:BP"",""pval"":0.0016527487821851076,""fdr"":0.00661099512874043,""overlap"":2,""set_size"":2,""overlap_genes"":[""FUT2"",""ST6GALNAC1""]}]"
21,endoplasmic reticulum unfolded protein response,AGR2;ERN2,"[{""term_id"":""GO:0030968"",""term_name"":""endoplasmic reticulum unfolded protein response"",""source"":""GO:BP"",""pval"":0.0016527487821851076,""fdr"":0.00661099512874043,""overlap"":2,""set_size"":2,""overlap_genes"":[""AGR2"",""ERN2""]}]"
21,glycoprotein biosynthetic process,GALNT5;GCNT3,"[{""term_id"":""GO:0006493"",""term_name"":""protein O-linked glycosylation"",""source"":""GO:BP"",""pval"":0.004833771542876109,""fdr"":0.012890057447669625,""overlap"":2,""set_size"":3,""overlap_genes"":[""GALNT5"",""GCNT3""]},{""term_id"":""GO:0016266"",""term_name"":""protein O-linked glycosylation via N-acetyl-galactosamine"",""source"":""GO:BP"",""pval"":0.009425247791798026,""fdr"":0.021543423524109772,""overlap"":2,""set_size"":4,""overlap_genes"":[""GALNT5"",""GCNT3""]}]"
21,calcium ion transport,KCNN4;MYB,"[{""term_id"":""GO:0006816"",""term_name"":""calcium ion transport"",""source"":""GO:BP"",""pval"":0.015315713119546593,""fdr"":0.0272279344347495,""overlap"":2,""set_size"":5,""overlap_genes"":[""KCNN4"",""MYB""]}]"
21,response to endoplasmic reticulum stress,AGR2;ERN2,"[{""term_id"":""GO:0034976"",""term_name"":""response to endoplasmic reticulum stress"",""source"":""GO:BP"",""pval"":0.015315713119546593,""fdr"":0.0272279344347495,""overlap"":2,""set_size"":5,""overlap_genes"":[""AGR2"",""ERN2""]}]"
22,cell motility,CD24;CDH2;ITGB6;PDGFRA,"[{""term_id"":""GO:0016477"",""term_name"":""cell migration"",""source"":""GO:BP"",""pval"":0.00570307149773557,""fdr"":0.032045842492113286,""overlap"":4,""set_size"":19,""overlap_genes"":[""CD24"",""CDH2"",""ITGB6"",""PDGFRA""]}]"
22,cell morphogenesis,CDH2;CLU;ITGB6,"[{""term_id"":""GO:0000902"",""term_name"":""cell morphogenesis"",""source"":""GO:BP"",""pval"":0.006178993303677189,""fdr"":0.032045842492113286,""overlap"":3,""set_size"":10,""overlap_genes"":[""CDH2"",""CLU"",""ITGB6""]}]"
22,cell activation,CD24;PDGFRA,"[{""term_id"":""GO:0001775"",""term_name"":""cell activation"",""source"":""GO:BP"",""pval"":0.009425247791798026,""fdr"":0.032045842492113286,""overlap"":2,""set_size"":4,""overlap_genes"":[""CD24"",""PDGFRA""]}]"
22,intrinsic apoptotic signaling pathway,CD24;CLU,"[{""term_id"":""GO:0097193"",""term_name"":""intrinsic apoptotic signaling pathway"",""source"":""GO:BP"",""pval"":0.004833771542876109,""fdr"":0.032045842492113286,""overlap"":2,""set_size"":3,""overlap_genes"":[""CD24"",""CLU""]}]"
22,wound healing,ITGB6;PDGFRA,"[{""term_id"":""GO:0042060"",""term_name"":""wound healing"",""source"":""GO:BP"",""pval"":0.009425247791798026,""fdr"":0.032045842492113286,""overlap"":2,""set_size"":4,""overlap_genes"":[""ITGB6"",""PDGFRA""]}]"
22,immune system process,CFH;CLU,"[{""term_id"":""GO:0006956"",""term_name"":""complement activation"",""source"":""GO:BP"",""pval"":0.022399772737391577,""fdr"":0.06346602275594279,""overlap"":2,""set_size"":6,""overlap_genes"":[""CFH"",""CLU""]}]"
23,cellular defense response,DCDC2;ITGB1;LGALS3BP,"[{""term_id"":""GO:0006968"",""term_name"":""cellular defense response"",""source"":""GO:BP"",""pval"":0.000589549800175177,""fdr"":0.017096944205080133,""overlap"":3,""set_size"":5,""overlap_genes"":[""DCDC2"",""ITGB1"",""LGALS3BP""]}]"
23,cell motility,CD24;CD63;CDH1;ITGB1,"[{""term_id"":""GO:0016477"",""term_name"":""cell migration"",""source"":""GO:BP"",""pval"":0.00570307149773557,""fdr"":0.039047455137448964,""overlap"":4,""set_size"":19,""overlap_genes"":[""CD24"",""CD63"",""CDH1"",""ITGB1""]}]"
23,cell differentiation,ANXA4;CD63;CTSB,"[{""term_id"":""GO:0030855"",""term_name"":""epithelial cell differentiation"",""source"":""GO:BP"",""pval"":0.004443923654231334,""fdr"":0.039047455137448964,""overlap"":3,""set_size"":9,""overlap_genes"":[""ANXA4"",""CD63"",""CTSB""]}]"
23,symbiont entry into host cell,ANPEP;CTSB;ITGB1,"[{""term_id"":""GO:0046718"",""term_name"":""symbiont entry into host cell"",""source"":""GO:BP"",""pval"":0.008269383067504243,""fdr"":0.039047455137448964,""overlap"":3,""set_size"":11,""overlap_genes"":[""ANPEP"",""CTSB"",""ITGB1""]}]"
23,dendrite morphogenesis,DCDC2;ITGB1,"[{""term_id"":""GO:0048813"",""term_name"":""dendrite morphogenesis"",""source"":""GO:BP"",""pval"":0.009425247791798026,""fdr"":0.039047455137448964,""overlap"":2,""set_size"":4,""overlap_genes"":[""DCDC2"",""ITGB1""]}]"
23,intrinsic apoptotic signaling pathway,CD24;CLU,"[{""term_id"":""GO:0097193"",""term_name"":""intrinsic apoptotic signaling pathway"",""source"":""GO:BP"",""pval"":0.004833771542876109,""fdr"":0.039047455137448964,""overlap"":2,""set_size"":3,""overlap_genes"":[""CD24"",""CLU""]}]"
23,neuron projection development,CDH1;ITGB1,"[{""term_id"":""GO:0031175"",""term_name"":""neuron projection development"",""source"":""GO:BP"",""pval"":0.009425247791798026,""fdr"":0.039047455137448964,""overlap"":2,""set_size"":4,""overlap_genes"":[""CDH1"",""ITGB1""]}]"
23,protein folding,CANX;CLU,"[{""term_id"":""GO:0006457"",""term_name"":""protein folding"",""source"":""GO:BP"",""pval"":0.015315713119546593,""fdr"":0.0555194600583564,""overlap"":2,""set_size"":5,""overlap_genes"":[""CANX"",""CLU""]}]"
